~~#21~#22~~ #23	~~#21~#22~~ #23
~~#21 a~ b~~ #22	~~#21 a~ b~~ #22
~~#21 a ~b~~ #22	~~#21 a ~b~~ #22
~~#21 a~b~~ #22	<del>#21 a~b</del> #22
~~#21 ~~b~~ #22	~~#21 <del>b</del> #22
~~#21 a ~b~~ c~~ #22	<del>#21 a ~b~~ c</del> #22
#20~~#21~~ #22	#20~~#21~~ #22
🚧~~#21~~ #22	🚧~~#21~~ #22
~~#21 (x)~~and #22	~~#21 (x)~~and #22
~~#21 ~~~ b~~ #22	<del>#21 ~~~ b</del> #22
a~b~ c	a<del>b</del> c
~a~~b~ c	<del>a~~b</del> c
~~a~b~ c~~ d	<del>a<del>b</del> c</del> d
x ~~a~~b~~ c	x <del>a</del>b~~ c
~~a~ b~~ c~~ d	~~a~ b~~ c~~ d
~~a ~b~~ c~ d	~~a ~b~~ c~ d
(~~a)~~ b	(<del>a)</del> b
~~a.~~b	~~a.~~b
a~~.b~~ c	a~~.b~~ c
~~#21 ~~ #22	~~#21 ~~ #22
~~#21 ~~ #22~~ #23	<del>#21 ~~ #22</del> #23
~a~~b c~~ d~~ e~ f	<del>a<del>b c</del> d~~ e</del> f
~~#21~~ #22	<del>#21</del> #22
~#21~	<del>#21</del>
~ #21~ #22	~ #21~ #22
~~#21 #22	~~#21 #22
a~~—b~~ c	a~~—b~~ c
~~b—~~a c	~~b—~~a c
a~~€b~~ c	a<del>€b</del> c
~~b€~~a c	<del>b€</del>a c
a~~©b~~ c	a<del>©b</del> c
~~b©~~a c	<del>b©</del>a c
a~~“b~~ c	a~~“b~~ c
~~b“~~a c	~~b“~~a c
a~~$b~~ c	a~~$b~~ c
~~b$~~a c	~~b$~~a c
a~~🚧b~~ c	a<del>🚧b</del> c
~~b🚧~~a c	<del>b🚧</del>a c
a~~ b~~ c	a~~ b~~ c
~~b ~~a c	~~b ~~a c
a~~·b~~ c	a~~·b~~ c
~~b·~~a c	~~b·~~a c
a~~ b~~ c	a<del> b</del> c
~~b ~~a c	<del>b </del>a c
a~~　b~~ c	a~~　b~~ c
~~b　~~a c	~~b　~~a c
a~~！b~~ c	a~~！b~~ c
~~b！~~a c	~~b！~~a c
a~~⹏b~~ c	a<del>⹏b</del> c
~~b⹏~~a c	<del>b⹏</del>a c
a~~ b~~ c	a~~ b~~ c
~~b ~~a c	~~b ~~a c
a~~ b~~ c	a~~ b~~ c
~~b ~~a c	~~b ~~a c
a~~ b~~ c	a~~ b~~ c
~~b ~~a c	~~b ~~a c
a~~ b~~ c	a~~ b~~ c
~~b ~~a c	~~b ~~a c
a~~ b~~ c	a~~ b~~ c
~~b ~~a c	~~b ~~a c
a~~？b~~ c	a~~？b~~ c
~~b？~~a c	~~b？~~a c
~⹏·—€b~b~b~aa a	<del>⹏·—€b</del>b<del>b</del>aa a
a 🚧~ ~ 🚧！  .	a 🚧~ ~ 🚧！  .
a ~！　~#	a ~！　~#
)~	)~
~ b⹏ )	~ b⹏ )
· ⹏a~.€ 1~1(aa·	· ⹏a~.€ 1~1(aa·
~b(bb€~  1a	<del>b(bb€</del>  1a
ba)b —~	ba)b —~
$a(~b€	$a(~b€
·a~ )a~  ~ 　 ~~~	·a~ )a~  ~ 　 ~~~
🚧·1 $~.	🚧·1 $~.
~~ €a~b🚧	~~ €a~b🚧
$~	$~
⹏~~~ $~#$！a#	⹏~~~ $~#$！a#
a€🚧 a .—~ €🚧~	a€🚧 a .—~ €🚧~
~1€ $　b  ··)$)	~1€ $　b  ··)$)
. ！· ⹏⹏. )~( ~~€	. ！· ⹏⹏. )~( ~~€
€·~	€·~
( (~ 🚧b1 1€)　—	( (~ 🚧b1 1€)　—
⹏~a#b#~(~	⹏<del>a#b#</del>(~
！！~b~ b b	！！<del>b</del> b b
€(⹏　🚧~b！	€(⹏　🚧~b！
€~ ~~ab——　~🚧1.a	€~ ~~ab——　~🚧1.a
.~	.~
b.€ b(~	b.€ b(~
($~~	($~~
a　⹏~#~a！	a　⹏~#~a！
~€ $a(⹏$	~€ $a(⹏$
.~　~1) €~)	.~　<del>1) €</del>)
🚧 $~！	🚧 $~！
~€(~⹏ b⹏~(·~)~)	<del>€(<del>⹏ b⹏</del>(·</del>)~)
！~！~#(	！<del>！</del>#(
🚧(🚧~)a  b ()🚧€⹏	🚧(🚧~)a  b ()🚧€⹏
aa ## —$ a~#·~€	aa ## —$ a~#·~€
—b~ab	—b~ab
€1！· — .(—~  a.€	€1！· — .(—~  a.€
1(b~	1(b~
##🚧🚧—  ~~🚧	##🚧🚧—  ~~🚧
·#€a ~·	·#€a ~·
！a~~~	！a~~~
€~ab1b🚧~！a1  ！	€<del>ab1b🚧</del>！a1  ！
~！　$ a )~	<del>！　$ a )</del>
)b€a( ~—.#($ 1——	)b€a( ~—.#($ 1——
)~a	)~a
.~   .—	.~   .—
b~)1~a ~.)🚧 ~ ~	b~)1~a ~.)🚧 ~ ~
.！$~)~..€— ba b⹏	.！$<del>)</del>..€— ba b⹏
~~a~　~bb()—1	~~a~　~bb()—1
🚧~ a~~~🚧b —ab	🚧~ a~~~🚧b —ab
~1)b$  ba~ .~€ b	<del>1)b$  ba</del> .~€ b
！~　ba·	！~　ba·
#~b·　(~ €	#<del>b·　(</del> €
！~~a$	！~~a$
bb(€#　b~#a！	bb(€#　b~#a！
⹏~🚧  a  ⹏ ~~.	⹏~🚧  a  ⹏ ~~.
b~.	b~.
.~~(a~..a$#！~~	.<del>(a~..a$#！</del>
~~　！(€！a)~ ~	~~　！(€！a)~ ~
~ 　 1$🚧 ~　·—	<del> 　 1$🚧 </del>　·—
$~~1€ —	$~~1€ —
)🚧🚧~b~#⹏	)🚧🚧<del>b</del>#⹏
€　a⹏ — ~a~~！	€　a⹏ — ~a~~！
~！~$(~.	<del>！</del>$(~.
⹏~.(~$~#	⹏~.(<del>$</del>#
🚧(#！#！！·1~⹏~—.	🚧(#！#！！·1<del>⹏</del>—.
—.(b€#b~ ⹏ba.	—.(b€#b~ ⹏ba.
~ a	~ a
！  b~ —.a~	！  b~ —.a~
！~— ~#~#~	！<del>— <del>#</del>#</del>
b (~ —~~·b	b (~ —~~·b
—#b(~~	—#b(~~
—~~~！b~1 a~)·~	—~~~！b<del>1 a</del>)·~
⹏(a( ⹏~~⹏( ()	⹏(a( ⹏~~⹏( ()
~a(bb	~a(bb
~⹏~b€  a ~€🚧((1	<del>⹏</del>b€  a ~€🚧((1
·€a~ ~1€ $.~~~b	·€a~ ~1€ $.~~~b
€ ⹏~$	€ ⹏~$
(~.　！#	(~.　！#
1~　 ⹏~ba~b~a~—~	1~　 ⹏<del>ba</del>b<del>a</del>—~
)) ·~~~  .	)) ·~~~  .
⹏  ~~b —~	⹏  ~~b —~
~a( ！！~€—~！	~a( ！！<del>€—</del>！
a1~	a1~
~~ ~~~~. 1a—~#	~~ ~~~~. 1a—~#
~a~~　a🚧~€b#	~a~~　a🚧~€b#
$  ~~ ~~a	$  ~~ ~~a
⹏1　.)(~~(⹏1(	⹏1　.)(~~(⹏1(
a —~	a —~
~#~	<del>#</del>
—⹏a~#€！a ~.$	—⹏a~#€！a ~.$
)1a#　 ⹏~   ·$—	)1a#　 ⹏~   ·$—
#$ ($　~！ ~~ ~	#$ ($　~！ ~~ ~
~.~~！ 　ba　~b11~⹏	~.~~！ 　ba　<del>b11</del>⹏
~⹏~⹏#a~..！·€	<del>⹏</del>⹏#a~..！·€
a 🚧 ~~—	a 🚧 ~~—
—·   .(.€b1~	—·   .(.€b1~
·~b~a(—  ~~b	·<del>b</del>a(—  ~~b
. €~# ~1~	. €~# <del>1</del>
a$b$ ！€~a  —~a~~	a$b$ ！€~a  —~a~~
)~🚧)~a	)~🚧)~a
⹏~~a ~~~	⹏~~a ~~~
€ b🚧b~·	€ b🚧b~·
·a ~—$ ⹏a1 .bb	·a ~—$ ⹏a1 .bb
~~(b　.€$　~⹏！~a	~~(b　.€$　~⹏！~a
⹏#(—aa~~~！~~　！	⹏#(—aa~~~！~~　！
~   ~)~(~！	~   <del>)</del>(~！
！(~€~~ ) a$	！(~€~~ ) a$
#€~(~	#€~(~
~　a  ##a  €⹏	~　a  ##a  €⹏
⹏ ~ ~	⹏ ~ ~
ba~！#　~ ⹏1~	ba~！#　~ ⹏1~
b~$)~~. ！ ~#	b~$)~~. ！ ~#
)！b~ #a	)！b~ #a
(~ ~~~#·	(~ ~~~#·
$  　$#bb—~~#a　)	$  　$#bb—~~#a　)
~~ ·ab~	~~ ·ab~
(！~~  ~#~—！~  ~b	(！~~  <del>#</del>—！~  ~b
~b—€#~b~	~b—€#<del>b</del>
⹏~) #~⹏⹏.a🚧！—	⹏~) #~⹏⹏.a🚧！—
( ~	( ~
~—~  1	<del>—</del>  1
b~⹏	b~⹏
— ~$  ~ a(.~　~！	— <del>$  </del> a(.~　~！
a🚧$~	a🚧$~
a~b ⹏1aa~⹏	a<del>b ⹏1aa</del>⹏
⹏🚧！(ab~~1~·b —	⹏🚧！(ab~~1~·b —
~！.⹏1　(	~！.⹏1　(
~~！！bb#$a. ~	~~！！bb#$a. ~
)⹏~~~	)⹏~~~
1b (~((⹏  ~~ —	1b (~((⹏  ~~ —
~#.·   #🚧~1aa b	<del>#.·   #🚧</del>1aa b
~　~(	~　~(
—~~	—~~
~~(	~~(
~~€$~.$	~~€$~.$
(·—) 1$1(~ .a~	(·—) 1$1(~ .a~
—~	—~
a (~(~b€((~1(	a (~(~b€((~1(
a~~((·€)🚧b~b　~b	a~~((·€)🚧b~b　~b
1⹏.！()~ b #~~b~	1⹏.！()~ b #~~b~
~(　)~1~.	~(　)<del>1</del>.
a🚧~a))⹏ba	a🚧~a))⹏ba
！  ~~ ⹏a	！  ~~ ⹏a
·~~ 🚧·	·~~ 🚧·
b—·a·~　.€~	b—·a·~　.€~
~~ ·~(·　$€(🚧#	~~ ·~(·　$€(🚧#
. .1# ~！·	. .1# ~！·
—~#🚧1#	—~#🚧1#
· ~aaa🚧 🚧~.a(a(·	· <del>aaa🚧 🚧</del>.a(a(·
~⹏~ 　　⹏(~	<del>⹏</del> 　　⹏(~
~ .~€(⹏~$)~！—.	~ .<del>€(⹏</del>$)~！—.
a ~a.1　⹏a a~~~~	a ~a.1　⹏a a~~~~
~b$·~€ 　( ~.！	~b$·~€ 　( ~.！
)b·— ！—　~$b#~	)b·— ！—　<del>$b#</del>
.~~·  ！~.~ —.	.~~·  ！<del>.</del> —.
~# ！)b1b€　！🚧))$b	~# ！)b1b€　！🚧))$b
.🚧 ！ #)a~  (b.€~	.🚧 ！ #)a<del>  (b.€</del>
#( · ~🚧 #	#( · ~🚧 #
~~ 1⹏	~~ 1⹏
)$1~	)$1~
· ~bb a~~ ~~⹏	· ~bb a~~ ~~⹏
)b　b~	)b　b~
11⹏$~ ·	11⹏$~ ·
~ ·a€)~！	~ ·a€)~！
~b a  )~	<del>b a  )</del>
·.b　 ~) ~	·.b　 ~) ~
b ——€~.⹏~€ba	b ——€~.⹏~€ba
~~a~a~—~	~~a<del>a</del>—~
~~.　~~·⹏	~~.　~~·⹏
！！a　~a . ~a~~ ~	！！a　~a . ~a~~ ~
~1a .~€	~1a .~€
~$( b	~$( b
~~🚧	~~🚧
~　 )1	~　 )1
🚧( 🚧1~b⹏b·~b	🚧( 🚧1~b⹏b·~b
b·a€~	b·a€~
~ €€	~ €€
~~ ·~~. ~a(⹏　~	~~ ·~~. ~a(⹏　~
b~—a~~	b~—a~~
$🚧~€    ~~ 1	$🚧~€    ~~ 1
#~	#~
aa. 🚧~#)1 $b	aa. 🚧~#)1 $b
⹏a~！ba$1🚧·~	⹏a~！ba$1🚧·~
(.$#.a1b .~(🚧~	(.$#.a1b .<del>(🚧</del>
.　~1~ ~. ~~€a　 🚧	.　<del>1</del> ~. ~~€a　 🚧
~b~	<del>b</del>
！~~ abb~.a~	！~~ abb~.a~
b~~	b~~
~⹏.$	~⹏.$
b —b  ~ ！⹏~~	b —b  ~ ！⹏~~
a⹏　~🚧·a ！·)	a⹏　~🚧·a ！·)
#1⹏！b~a	#1⹏！b~a
🚧 ~)b🚧~bb~€a$！~	🚧 <del>)b🚧</del>bb<del>€a$！</del>
11~~　$ $b~b~b　~~	11~~　$ $b<del>b</del>b　~~
) (#  $⹏b~.！	) (#  $⹏b~.！
·~	·~
.~b ~. ~ 1(~~~🚧1	.~b ~. ~ 1(~~~🚧1
—a.1~(🚧！ #　~1~	—a.1~(🚧！ #　<del>1</del>
~€a#~~	~€a#~~
) )~) #·~~⹏b	) )~) #·~~⹏b
~~a(.a·⹏aa~⹏	~~a(.a·⹏aa~⹏
🚧(⹏·b~ ·$	🚧(⹏·b~ ·$
a 1~	a 1~
€~⹏🚧 ~—1a	€~⹏🚧 ~—1a
~　—a	~　—a
⹏　a~a~	⹏　a<del>a</del>
~ €—⹏	~ €—⹏
· $~🚧 🚧b ~a~	· $~🚧 🚧b <del>a</del>
#b~$ a！　 a€—	#b~$ a！　 a€—
.~#~	.<del>#</del>
~　€！)　$  $	~　€！)　$  $
~#~~$！1~	<del>#~~$！1</del>
~🚧	~🚧
⹏　a~ ·1b$a	⹏　a~ ·1b$a
a1🚧~🚧 ( bb1—$！	a1🚧~🚧 ( bb1—$！
€ . . ⹏🚧~#⹏	€ . . ⹏🚧~#⹏
！~$	！~$
b~a.！$€~ ~ ((	b<del>a.！$€</del> ~ ((
#b~~	#b~~
·—~(~)⹏   b	·—<del>(</del>)⹏   b
€.b~　#€	€.b~　#€
#. .· b)~a—€a1	#. .· b)~a—€a1
a~(1 #	a~(1 #
！    $(~b	！    $(~b
~€⹏$#)—⹏$~ —~	<del>€⹏$#)—⹏$</del> —~
~　1)b. ！( )$.1	~　1)b. ！( )$.1
bb(⹏~~·1	bb(⹏~~·1
~   #	~   #
b1  ⹏ ·#—a ~	b1  ⹏ ·#—a ~
~！$ 　~🚧 ~	~！$ 　~🚧 ~
~ (	~ (
#~b~~！. ( 1 🚧~⹏	#~b~~！. ( 1 🚧~⹏
~~	~~
$.€€ $ ·1€~·b#—b	$.€€ $ ·1€~·b#—b
·~~a)⹏(1— 🚧)€1b·	·~~a)⹏(1— 🚧)€1b·
1 a　~ 1~~	1 a　~ 1~~
！)！ bb🚧~b	！)！ bb🚧~b
~ ~~) a~a#)⹏(	~ ~~) a~a#)⹏(
~·bb~— ~~　. b ~	<del>·bb</del>— ~~　. b ~
⹏.~€ ~🚧	⹏.<del>€ </del>🚧
€b  ~ b~	€b  ~ b~
~# b~ —·a$1~🚧~#	<del># b</del> —·a$1<del>🚧</del>#
~⹏　 ~b)　1~~	~⹏　 ~b)　1~~
·　~　ba！a(a~ .	·　~　ba！a(a~ .
b⹏b~b$1$  🚧1~	b⹏b<del>b$1$  🚧1</del>
€(#b！$ #·~).	€(#b！$ #·~).
🚧(a！⹏b.！~ab($()	🚧(a！⹏b.！~ab($()
~！—	~！—
~　~ b~⹏)	~　~ b~⹏)
~ba  ~	<del>ba  </del>
€ a·🚧a  ·~·~·)	€ a·🚧a  ·<del>·</del>·)
). ·~~	). ·~~
！~a~~b~	！<del>a~~b</del>
.—  #~~ a~	.—  #~~ a~
#1　—~~aa) 　)	#1　—~~aa) 　)
~~b—  b~$1a	~~b—  b~$1a
a~$·a~   ~	a~$·a~   ~
~#	~#
.~———1	.~———1
b11—~#~　~— €	b11—<del>#</del>　~— €
$.€🚧 b⹏　—~1	$.€🚧 b⹏　—~1
a~$b~)	a~$b~)
~~a ~~	~~a ~~
~🚧. —$	~🚧. —$
(aa..— ！！🚧~~€b　b	(aa..— ！！🚧~~€b　b
~a~#~ ~a$$	<del>a</del>#<del> </del>a$$
~$~ $) $) —a~1	<del>$</del> $) $) —a~1
bb ~~1🚧~~	bb <del>1🚧</del>
. ~~！b($	. ~~！b($
~)b$	~)b$
€~#~~	€~#~~
.b！a—⹏~— )(. 1	.b！a—⹏~— )(. 1
~.(~  ！€　—	<del>.(</del>  ！€　—
~~ .·.€	~~ .·.€
🚧　1🚧# €b~a🚧b	🚧　1🚧# €b~a🚧b
$ 1⹏~⹏	$ 1⹏~⹏
~⹏~ b#·	<del>⹏</del> b#·
~~)~#a⹏ ~ 　　🚧~	~~)<del>#a⹏ ~ 　　🚧</del>
1~b·b　bb €	1~b·b　bb €
~！ ~(~🚧) .a~$	~！ ~(<del>🚧) .a</del>$
#~ b·1！~⹏	#~ b·1！~⹏
b~· #~~a🚧	b~· #~~a🚧
a⹏()~b	a⹏()~b
🚧1 ~~·	🚧1 ~~·
)~·b	)~·b
a　—！—  —a·)~)	a　—！—  —a·)~)
$.　~)a.b)~$€	$.　<del>)a.b)</del>$€
🚧~a~ €	🚧<del>a</del> €
ba·~ #1~))	ba·<del> #1</del>))
🚧1 ~🚧~$ab.~ €b.	🚧1 <del>🚧</del>$ab.~ €b.
~)— a  　.~b！$	~)— a  　.~b！$
~b·b(··	~b·b(··
€ 　🚧ab ~b # ~€~~	€ 　🚧ab ~b # ~€~~
~a(	~a(
#~~1a~	#~~1a~
~b ~~ ~$1· €)~$	~b ~~ <del>$1· €)</del>$
⹏~.(⹏(	⹏~.(⹏(
€~	€~
~ ~~！ #	~ ~~！ #
~⹏~ 　！#⹏.🚧~~b~	<del>⹏</del> 　！#⹏.🚧~~b~
~~. $~#)(🚧~a)~	~~. $<del>#)(🚧</del>a)~
~~a~)1a~~) .！)a€	~~a~)1a~~) .！)a€
—a　      —a~)€	—a　      —a~)€
b·(　~## ！	b·(　~## ！
b~—🚧！·$b！€—(　(€a	b~—🚧！·$b！€—(　(€a
)a.~	)a.~
#~🚧~ €.🚧	#<del>🚧</del> €.🚧
~—a	~—a
·⹏ ~— ~(a	·⹏ ~— ~(a
€·~　 ~a！ #~(⹏—　~	€·~　 <del>a！ #</del>(⹏—　~
a ~⹏~a~ ~  ~.！(	a <del>⹏</del>a<del> </del>  ~.！(
~~⹏~ —！　€~~	~~⹏~ —！　€~~
·( 　 ~(# ~	·( 　 ~(# ~
🚧 ·€🚧)(~b　~🚧~🚧~	🚧 ·€🚧)(<del>b　<del>🚧</del>🚧</del>
~a ~b€#)　 #	~a ~b€#)　 #
~$ $·	~$ $·
~#·aab~~bb$~.	<del>#·aab~~bb$</del>.
~ab~—)⹏~~ —. .~~	<del>ab</del>—)⹏~~ —. .~~
)aa a~⹏　a·	)aa a~⹏　a·
🚧~.  —a  b  ~$	🚧~.  —a  b  ~$
~~€a~	~~€a~
a·~ ~ ~	a·~ <del> </del>
~. .	~. .
)$⹏~a) ~	)$⹏~a) ~
#.1(~$#🚧.(~((！b—	#.1(<del>$#🚧.(</del>((！b—
$1 ~a€　a~⹏ —~~$	$1 <del>a€　a</del>⹏ —~~$
a⹏~)—·ba)	a⹏~)—·ba)
🚧⹏ $~#1.a~ ~~b	🚧⹏ $<del>#1.a</del> ~~b
！~) . )a— ⹏— ~#	！~) . )a— ⹏— ~#
🚧~—	🚧~—
b · 1#~~~$	b · 1#~~~$
·a)🚧)b .~	·a)🚧)b .~
€bb·~b~~€	€bb·~b~~€
·$　🚧~€	·$　🚧~€
~　.)a €⹏🚧b	~　.)a €⹏🚧b
a1€~b	a1€~b
~~— 　)！ 　 ~	~~— 　)！ 　 ~
€⹏~~~ ~ a —1	€⹏~~~ ~ a —1
—a⹏—~　·~	—a⹏—~　·~
(—！·.~ ba ~·.	(—！·.~ ba ~·.
·　⹏~ — b~~.	·　⹏~ — b~~.
⹏🚧 b~~~—~bb$	⹏🚧 b~~~—~bb$
~€b~~ )	~€b~~ )
⹏).b·🚧~—🚧~	⹏).b·🚧~—🚧~
·！🚧~~ a	·！🚧~~ a
~  🚧~·aa€	<del>  🚧</del>·aa€
~ )b ⹏~	<del> )b ⹏</del>
⹏€~  ~a€€~$b~	⹏€~  <del>a€€</del>$b~
🚧~()~	🚧~()~
#　.　··~ ($~~	#　.　··~ ($~~
$~—(~(·#b~a	$<del>—(</del>(·#b~a
$a$a€1~ b	$a$a€1~ b
~#1 ~ ~	~#1 ~ ~
($b　~a	($b　~a
！b  (🚧~$a—·~(b	！b  (🚧~$a—·~(b
！#$🚧$~~bb.# )	！#$🚧$~~bb.# )
·~1 b~	·<del>1 b</del>
⹏ b⹏#·　~	⹏ b⹏#·　~
a~b！ ~.·	a~b！ ~.·
$.a(~	$.a(~
—🚧1a—€  ~~⹏🚧！ 1	—🚧1a—€  ~~⹏🚧！ 1
—~~$·€ b a~~.~a	—<del>$·€ b a</del>.~a
b ~~⹏$	b ~~⹏$
(~a·~	(<del>a·</del>
a(.ab🚧·b€~~ ~	a(.ab🚧·b€~~ ~
a$ a€~b )	a$ a€~b )
~~(·$.	~~(·$.
~)~$b	<del>)</del>$b
~$(~	<del>$(</del>
(·~. )	(·~. )
—·~a~⹏a1~   🚧⹏$	—·<del>a</del>⹏a1~   🚧⹏$
a~！—~~$b$　b)~	a~！—~~$b$　b)~
~~€~	~~€~
~ ！	~ ！
~~·.~~	<del>·.</del>
~a~！€ 　b~	<del>a</del>！€ 　b~
🚧⹏ ！·b~~ ！　·~(　~	🚧⹏ ！·b~~ ！　·~(　~
· ——(€€·~·(a	· ——(€€·~·(a
$a(€ a(—a！b~~	$a(€ a(—a！b~~
#b ~~.🚧·# ab 　~b	#b ~~.🚧·# ab 　~b
~bba#b·　a~	<del>bba#b·　a</del>
1  €  ~　b	1  €  ~　b
.！$~~	.！$~~
a　b~~	a　b~~
1！ ~ ~) 🚧	1！ ~ ~) 🚧
⹏~1！)~a€ # a⹏ .~	⹏~1！)<del>a€ # a⹏ .</del>
~$ 🚧#a€a	~$ 🚧#a€a
！ ) ~$b~	！ ) <del>$b</del>
$~　€)！！~~—	$~　€)！！~~—
⹏~1	⹏~1
b)€~(~~	b)€~(~~
#ba)~	#ba)~
a$！aa~—！~~b~ ⹏　🚧	a$！aa~—！~~b~ ⹏　🚧
~~b # #⹏🚧(	~~b # #⹏🚧(
b)#~	b)#~
1a$~	1a$~
—a·~~~	—a·~~~
#~~ ~~$🚧~(	#<del> </del>$🚧~(
.🚧~！a$~a·)~🚧a a	.🚧~！a$~a·)~🚧a a
).　 (⹏！ —)　.~~a~	).　 (⹏！ —)　.~~a~
·！~$   —~a)	·！~$   —~a)
🚧b #~a.	🚧b #~a.
~a~b⹏~🚧~bb~~	<del>a</del>b⹏<del>🚧</del>bb~~
$#·~~ab~  ~b	$#·~~ab~  ~b
(~b	(~b
a1🚧~~ 🚧 —	a1🚧~~ 🚧 —
a~1~~b.$	a~1~~b.$
b~~.1 ·~~~~~)a	b~~.1 ·~~~~~)a
~b~🚧    ·	<del>b</del>🚧    ·
🚧(~ b).~ ~€ )⹏	🚧(~ b).<del> </del>€ )⹏
b~	b~
🚧~a🚧b1)~(~	🚧<del>a🚧b1)</del>(~
a .~！~~🚧$	a .~！~~🚧$
~)🚧)~#a	<del>)🚧)</del>#a
)~~#~aa~b	)~~#<del>aa</del>b
#·#a ~ a$~ )1— ~	#·#a ~ a$~ )1— ~
~)！bb~—a~	<del>)！bb</del>—a~
~   ) ~~~·aa~ ~€	~   ) ~~~·aa~ ~€
b(   b~ba a	b(   b~ba a
！#！~b~	！#！<del>b</del>
⹏~~1~~1   #€a~ ~	⹏<del>1</del>1   #€a<del> </del>
~(b (	~(b (
~(€$b	~(€$b
！ ( a$ 1~a！$🚧.	！ ( a$ 1~a！$🚧.
~( ！ ·.b (~11	~( ！ ·.b (~11
~~€a~€€ ~a~~🚧—b	<del>€a~€€ ~a</del>🚧—b
(— 1 (~~ ~⹏	(— 1 (~~ ~⹏
b ⹏ ba·~	b ⹏ ba·~
~ba~ )🚧a(	<del>ba</del> )🚧a(
—！b~—b—~	—！b~—b—~
~b	~b
a ⹏ ~~a€a$·~	a ⹏ ~~a€a$·~
.~  🚧~！⹏ ~	.<del>  🚧</del>！⹏ ~
·1   ~~ ~！ b· b	·1   ~~ ~！ b· b
🚧#~#~	🚧#<del>#</del>
(🚧1 ~~·	(🚧1 ~~·
🚧—~· #　b~·—b~—$	🚧—<del>· #　b</del>·—b~—$
a~~#~ ~$~！(	a~~#~ <del>$</del>！(
~)—1)$a  🚧$1€	~)—1)$a  🚧$1€
~1~	<del>1</del>
) ~~1~$	) ~~1~$
.~ .~~　·~ )~—！	.~ .~~　·<del> )</del>—！
€ a ~ ~.b~)~🚧$~€	€ a ~ <del>.b</del>)~🚧$~€
(baab~.# b·..1~	(baab~.# b·..1~
！ ~~$~	！ ~~$~
(~a🚧🚧⹏a—.	(~a🚧🚧⹏a—.
.a　~ $a⹏(　# ~~	.a　~ $a⹏(　# ~~
€$)#b~a( ⹏€~a	€$)#b<del>a( ⹏€</del>a
€🚧 ~	€🚧 ~
b~)~—a~b🚧⹏a🚧	b~)<del>—a</del>b🚧⹏a🚧
~　 ·aa# ~🚧) )b	~　 ·aa# ~🚧) )b
b  #~~🚧.	b  #~~🚧.
~a—.  ！！~$	<del>a—.  ！！</del>$
( #$a1 　⹏⹏ ~	( #$a1 　⹏⹏ ~
~·€1$a~)·~~1#	<del>·€1$a</del>)·~~1#
a1~~a#b	a1~~a#b
~~🚧b！ ~	~~🚧b！ ~
a# .~a🚧	a# .~a🚧
~b　b.🚧ab a~⹏~· 🚧	<del>b　b.🚧ab a</del>⹏~· 🚧
~. )1~~~—~⹏$$	~. )1~~~—~⹏$$
🚧$$~  a1 ~~~	🚧$$~  a1 ~~~
~   1$ 　)#	~   1$ 　)#
b·ba~~~~🚧🚧a	b·ba~~~~🚧🚧a
1€~1#~ba	1€~1#~ba
🚧( $)#b ~(1~€ #	🚧( $)#b ~(1~€ #
~(bb~⹏baa~~b(ab—	<del>(bb</del>⹏baa~~b(ab—
1~ a$·€a)·~a🚧	1~ a$·€a)·~a🚧
~·🚧！    ~ ·$~⹏($	~·🚧！    ~ ·$~⹏($
~~a€🚧	~~a€🚧
#🚧~# ~b€  b！	#🚧~# ~b€  b！
！ab~.~	！ab~.~
~a ~~a (	~a ~~a (
~(	~(
.$b~ (1#  ~b~ a	.$b~ (1#  <del>b</del> a
🚧~a	🚧~a
$a ~b	$a ~b
$ €！   ~1# ~..€~	$ €！   ~1# <del>..€</del>
🚧！~1⹏1　.— a🚧	🚧！~1⹏1　.— a🚧
~$a　)	~$a　)
~　🚧#$a🚧！	~　🚧#$a🚧！
(~—1！)$a	(~—1！)$a
~ — .⹏	~ — .⹏
~  ~	~  ~
~　€$	~　€$
· ~a—🚧　·#a·#⹏$	· ~a—🚧　·#a·#⹏$
🚧⹏1⹏1~~⹏$~1	🚧⹏1⹏1~~⹏$~1
#b — 🚧a(—~⹏—	#b — 🚧a(—~⹏—
~€ aa	~€ aa
#(#！！ €　~b$ ~	#(#！！ €　~b$ ~
！b⹏　a~~(~—~1	！b⹏　a~~(~—~1
(~)	(~)
🚧)~b —a~🚧ab1a()a	🚧)<del>b —a</del>🚧ab1a()a
~—~— ~—aa ~a ~	<del>—</del>— ~—aa ~a ~
！1 b~b ！$~##~€)	！1 b<del>b ！$</del>##~€)
a€.# ~	a€.# ~
· ⹏·$·！！ba~b)！	· ⹏·$·！！ba~b)！
~a！#a b€⹏~ €	<del>a！#a b€⹏</del> €
.€a~~ab~~！~ ab	.€a<del>ab</del>！~ ab
~🚧  (！	~🚧  (！
€🚧— ~#—·	€🚧— ~#—·
~b⹏—a！~	<del>b⹏—a！</del>
)⹏ —·) ⹏)　~a~)~	)⹏ —·) ⹏)　<del>a</del>)~
！——b)~#⹏！— a )	！——b)~#⹏！— a )
. ~ a⹏~~	. ~ a⹏~~
a~~！　b—~	a~~！　b—~
·.(⹏  (~	·.(⹏  (~
~a	~a
(a  a b~$)a€	(a  a b~$)a€
~ —  ⹏~ 1$.！ 　！~	~ —  ⹏~ 1$.！ 　！~
🚧·~1　a	🚧·~1　a
—~€# ~$b a	—~€# ~$b a
~！($	~！($
b ！ .~$—~~🚧	b ！ .~$—~~🚧
！~.( ~€ ⹏！~~ a~b	！<del>.( ~€ ⹏！~~ a</del>b
—. $(~b🚧—a(~	—. $(<del>b🚧—a(</del>
~！—~~~b€ 1🚧	~！—~~~b€ 1🚧
⹏⹏ b  ~b ！　11$	⹏⹏ b  ~b ！　11$
~b#€a	~b#€a
~  ab！ ~€~~~	~  ab！ ~€~~~
b ~ a ab！🚧	b ~ a ab！🚧
⹏( #~~—！—.a~a(€	⹏( #~~—！—.a~a(€
b ~a#)$	b ~a#)$
~ ~b~b~~ 1~1~b~	~ <del>b</del>b~~ 1<del>1</del>b~
1⹏1~ ~b~🚧 ~a—	1⹏1~ <del>b</del>🚧 ~a—
b~b·~~b··⹏	b~b·~~b··⹏
#€~ .1€.~1)a(~1$	#€~ .1€.~1)a(~1$
a€~~ ~·	a€~~ ~·
a ~a#	a ~a#
·~€( )	·~€( )
~！⹏　🚧 🚧	~！⹏　🚧 🚧
b~(⹏ ~  ~ 🚧⹏a　1~	b~(⹏ ~  ~ 🚧⹏a　1~
！　  .  $~~~ ！	！　  .  $~~~ ！
~~🚧 🚧# #·a	~~🚧 🚧# #·a
$ ~a1.a.~~a~~b ⹏	$ ~a1.a.<del>a</del>b ⹏
~1 ~a$b~⹏	<del>1 </del>a$b~⹏
.a~b)	.a~b)
1  ~  b—　~	1  ~  b—　~
1 ~🚧€🚧🚧.—1a—a€#	1 ~🚧€🚧🚧.—1a—a€#
·~~#ab€b  —	·~~#ab€b  —
—~b baa！a~	—<del>b baa！a</del>
~a~ b1 ·~.€ ·	<del>a</del> b1 ·~.€ ·
~€b b .！	~€b b .！
！a~€b~a  ~#	！a<del>€b</del>a  ~#
~⹏	~⹏
—~#·~！ .~( 🚧a	—<del>#·</del>！ .~( 🚧a
~~ ~b$	~~ ~b$
~€~	<del>€</del>
a#~~~.！1 .⹏~	a#~~~.！1 .⹏~
€~b —#)~#—··$—(	€<del>b —#)</del>#—··$—(
a~~！( ~ ~b##	a~~！( ~ ~b##
~(a—$ €~	<del>(a—$ €</del>
~1	~1
🚧a~~ —(a#b—1	🚧a~~ —(a#b—1
1$~~~1 a~~	1$~~~1 a~~
⹏　 a  ~)~！~⹏~·~！	⹏　 a  <del>)</del>！<del>⹏</del>·~！
b 11$~.~	b 11$<del>.</del>
—~~$a ~b 🚧	—~~$a ~b 🚧
b~~ €b~~ ·.)(	b<del> €b</del> ·.)(
~~⹏	~~⹏
#b~·	#b~·
~ 1$~(！~ #·~ ⹏~	~ 1$<del>(！</del> #·~ ⹏~
.# .a€b((⹏$(　~⹏	.# .a€b((⹏$(　~⹏
.🚧 ~#⹏—	.🚧 ~#⹏—
~ ~#	<del> </del>#
~~—	~~—
$⹏a！~a a ~ 🚧.~	$⹏a！~a a <del> 🚧.</del>
~.⹏b~€#b(b~ ~b~	<del>.⹏b</del>€#b(b~ <del>b</del>
~  a~b 　 ~()~~	~  a~b 　 ~()~~
#$b—$⹏—~·~~~1a	#$b—$⹏—~·~~~1a
·a€ 🚧~~~	·a€ 🚧~~~
b~ b	b~ b
)~~ b！	)~~ b！
！€~~	！€~~
~ ！·.$	~ ！·.$
~🚧$ ~b#	~🚧$ ~b#
1 ~~)	1 ~~)
( ~€　bb⹏	( ~€　bb⹏
~—~ abaa  b	<del>—</del> abaa  b
1 ) ~ €~)  —~b	1 ) ~ €~)  —~b
⹏—~ab~	⹏—<del>ab</del>
aa⹏b1$b. )~$~  1	aa⹏b1$b. )<del>$</del>  1
~(~  　🚧1~　1b~	<del>(</del>  　🚧1~　1b~
~　~~a) ~b a .~	~　~~a) <del>b a .</del>
$  ~.　(—	$  ~.　(—
.—  a　 ~(	.—  a　 ~(
~.#	~.#
aa ~🚧~.🚧	aa <del>🚧</del>.🚧
a！#a——(！  ~(🚧1~	a！#a——(！  <del>(🚧1</del>
)~~	)~~
#b#🚧　 ~~ b🚧~—	#b#🚧　 ~~ b🚧~—
·~~ 　~	·~~ 　~
~ b~	~ b~
a⹏　 　~~·　~—~~a	a⹏　 　~~·　~—~~a
~·！	~·！
~a~~	~a~~
⹏　)€⹏ —$ ~~	⹏　)€⹏ —$ ~~
—$🚧~€€~ $	—$🚧<del>€€</del> $
€ ~~$~#~.1 €~	€ ~~$<del>#</del>.1 €~
—~　 ~ $—#！~1⹏b	—~　 ~ $—#！~1⹏b
~ a(	~ a(
~—1€⹏~~—)	~—1€⹏~~—)
a ~€~！$~b！$€ — ~	a <del>€</del>！$<del>b！$€ — </del>
1 1~	1 1~
€　(~·！$·b	€　(~·！$·b
b1. $ ~~.#b⹏$ b	b1. $ ~~.#b⹏$ b
$~　🚧　··~b	$~　🚧　··~b
)ba~.( 1 $~#b　~	)ba~.( 1 $~#b　~
~~—~~	<del>—</del>
(🚧　(~(a~~(a(1)	(🚧　(~(a~~(a(1)
1！~a ~~a	1！~a ~~a
🚧··)#⹏1~~~1 a1a！	🚧··)#⹏1~~~1 a1a！
！— $~~—( 1 ~.	！— $~~—( 1 ~.
~b　⹏~~b€	~b　⹏~~b€
~ ·~ —⹏	<del> ·</del> —⹏
b1~~⹏ ~ ⹏a	b1~~⹏ ~ ⹏a
€b~##b·	€b~##b·
·)~€~— ~	·)<del>€</del>— ~
~⹏ b.	~⹏ b.
~ 　  ！　b.~~#(　1	~ 　  ！　b.~~#(　1
~b#b~	<del>b#b</del>
~~ b1~	~~ b1~
⹏b#~a.#~)	⹏b#<del>a.#</del>)
b~(⹏　 1	b~(⹏　 1
.b—·~　€1 ~~(1⹏	.b—·~　€1 ~~(1⹏
~.b🚧(~🚧—	~.b🚧(~🚧—
1⹏~ 　a~~·~b.	1⹏~ 　a~~·~b.
🚧~—a~~(€	🚧~—a~~(€
$a🚧1$~ ~#1！~~ ~	$a🚧1$<del> </del>#1！~~ ~
~~.a⹏　€(€b()$~	~~.a⹏　€(€b()$~
(·！~	(·！~
(⹏🚧(🚧)~a~#~€~$b	(⹏🚧(🚧)<del>a</del>#<del>€</del>$b
)(~a·！	)(~a·！
~⹏b  a.€1~€~~~~	<del>⹏b  a.€1</del>€~~~~
~. ~ b€)	~. ~ b€)
1  ~b€€	1  ~b€€
⹏~b1	⹏~b1
~——— —~b  —	~——— —~b  —
a~🚧	a~🚧
🚧a~~ (	🚧a~~ (
.·　.~⹏🚧)b	.·　.~⹏🚧)b
~~·　🚧~~	<del>·　🚧</del>
€a a~~#~1	€a a~~#~1
— ~！	— ~！
ab~·	ab~·
~~ # ！~.#~⹏ ·	~~ # ！~.#~⹏ ·
！ ~~#~·~🚧a #—(€1	！ ~~#~·~🚧a #—(€1
·　⹏€b~⹏    ~b　·	·　⹏€b~⹏    ~b　·
·— 1~	·— 1~
·~ ！#( € ！€⹏	·~ ！#( € ！€⹏
$~.b⹏	$~.b⹏
~~1$~~1)！€	~~1$~~1)！€
#·(ba 　⹏(  1~)	#·(ba 　⹏(  1~)
a#~🚧~ ~.~$！	a#<del>🚧</del> ~.~$！
1~a~~　~！ ~🚧 🚧b~	1<del>a~~　<del>！ </del>🚧 🚧b</del>
€a$~⹏！aaa$🚧1	€a$~⹏！aaa$🚧1
b — 　b！(~(($~　！	b — 　b！(<del>(($</del>　！
~(b	~(b
#)#~bb()！b~	#)#<del>bb()！b</del>
(€) ~ — 🚧 $~~	(€) ~ — 🚧 $~~
~~ #b()$	~~ #b()$
~aa~	<del>aa</del>
— ba)~b1#！	— ba)~b1#！
⹏~！~	⹏~！~
~ ·	~ ·
~—~~~$(~~	~—~~~$(~~
.~ ~~！！　$— ~	.~ ~~！！　$— ~
—~1 ~ba€　 ~~	—~1 ~ba€　 ~~
—🚧🚧⹏~~	—🚧🚧⹏~~
a·#⹏~ 1)~·a ~· 🚧	a·#⹏~ 1)~·a ~· 🚧
(.)~#	(.)~#
· ~(⹏ b b	· ~(⹏ b b
#((~b	#((~b
· · € b　b🚧~~	· · € b　b🚧~~
⹏) €~ —·	⹏) €~ —·
a~~b~—~ ~	a~~b~—<del> </del>
~#.	~#.
~aa.·！  ~a~#	<del>aa.·！  </del>a~#
🚧)⹏1~⹏~	🚧)⹏1<del>⹏</del>
~$~b€·	~$~b€·
1~1	1~1
1a~a	1a~a
~ ⹏( €~ ~ ~baa~	~ ⹏( €~ ~ <del>baa</del>
·~　 (	·~　 (
1)1~$	1)1~$
b~..~a~ (~€	b~..<del>a</del> (~€
~ ))~—	~ ))~—
~ ~$	~ ~$
b·~~·#！·~~	b·<del>·#！·</del>
~$	~$
~)—~a )(~€ ~	~)—~a )(~€ ~
~　  b~🚧—a	~　  b~🚧—a
⹏#~~€~1a.	⹏#~~€~1a.
——a~	——a~
~—1 ~~~	~—1 ~~~
！⹏~~  ~🚧	！⹏~~  ~🚧
·~b　($b~·	·<del>b　($b</del>·
$#$~	$#$~
)⹏ ~⹏　~·11~#~b	)⹏ ~⹏　<del>·11</del>#~b
$　~⹏~1·⹏)	$　<del>⹏</del>1·⹏)
~　~ ~~	~　~ ~~
🚧€~	🚧€~
！b a·~~$a🚧·🚧a~ba	！b a·~~$a🚧·🚧a~ba
a~$	a~$
··~~ .~  ~ ~·bb~	··~~ .~  ~ <del>·bb</del>
—a) ~~. (#~	—a) ~~. (#~
€ .~ ~~$	€ .~ ~~$
~~bb	~~bb
🚧)~ a—.⹏·⹏~	🚧)~ a—.⹏·⹏~
⹏~⹏a⹏	⹏~⹏a⹏
b  b~🚧€~~ €$ — ~	b  b~🚧€~~ €$ — ~
$€b 🚧.~1~~a~~b·	$€b 🚧.~1<del>a</del>b·
~1~#.🚧b🚧	<del>1</del>#.🚧b🚧
~~b！$	~~b！$
b~！！.· ~a	b~！！.· ~a
b！€)！~€~　€)#—	b！€)！<del>€</del>　€)#—
$€€.a~　b $ €b	$€€.a~　b $ €b
b)~·b ~~#). —b1	b)~·b ~~#). —b1
~！~~.b~$b⹏　　！	<del>！~~.b</del>$b⹏　　！
—a⹏！)a b). ~a# (	—a⹏！)a b). ~a# (
~ 　€ ~ ⹏！—$~~⹏~	~ 　€ ~ ⹏！—$~~⹏~
b~(⹏	b~(⹏
)~b~~⹏$🚧.a€~	)<del>b~~⹏$🚧.a€</del>
)~. .#🚧b	)~. .#🚧b
..b⹏🚧1~　€·~1🚧·~€	..b⹏🚧1~　€·~1🚧·~€
⹏⹏~~~🚧 ~·	⹏⹏~~~🚧 ~·
—1~—a~( #).	—1~—a~( #).
#！　~#🚧(⹏	#！　~#🚧(⹏
#~b$1a$a~　 .a~ ~	#<del>b$1a$a</del>　 .a~ ~
~🚧ab！—a　 a	~🚧ab！—a　 a
bb　€ ~~b~(	bb　€ ~~b~(
~~#~# ~(	~~#~# ~(
1b　⹏#  ⹏#b~	1b　⹏#  ⹏#b~
~ ###	~ ###
⹏.⹏ ~~	⹏.⹏ ~~
#🚧)#)€·~🚧b$·..	#🚧)#)€·~🚧b$·..
(~ ⹏##	(~ ⹏##
)~baa　b	)~baa　b
( b~—~🚧 🚧(a.#1a	( b~—~🚧 🚧(a.#1a
.~⹏)	.~⹏)
a~.~ ~	a~.~ ~
€(~.　—　b ！~  b	€(<del>.　—　b ！</del>  b
(€！　.🚧a ⹏ ~#~.	(€！　.🚧a ⹏ <del>#</del>.
a　⹏($b~	a　⹏($b~
a~b	a~b
.· a$€~~—aa！	.· a$€~~—aa！
—~b	—~b
(~$1	(~$1
~~. (~b~~~.	~~. (~b~~~.
.1~🚧🚧	.1~🚧🚧
b ~·.  ~⹏~ — ~	b ~·.  <del>⹏</del> — ~
#—🚧~#. ($.🚧)€~.~	#—🚧~#. ($.🚧)€~.~
~·b~~	~·b~~
€)~　—)🚧~！	€)~　—)🚧~！
€€⹏ # €—~　€⹏~ ~	€€⹏ # €—~　€⹏~ ~
$~！ ⹏	$~！ ⹏
~·~~·)~　b！a€~ .)	<del>·~~·)</del>　b！a€~ .)
.⹏~~#	.⹏~~#
🚧a.b  ~ bb	🚧a.b  ~ bb
bb1！b#1b .a 1🚧~	bb1！b#1b .a 1🚧~
~　 ~b~~	~　 ~b~~
~#a~~a 🚧~(—	<del>#a~~a 🚧</del>(—
~€a 　·~1 · b €	~€a 　·~1 · b €
1) ~	1) ~
！~.~~~🚧)))ab)b⹏(	！~.~~~🚧)))ab)b⹏(
！(~1！　　$a~！1　⹏	！(<del>1！　　$a</del>！1　⹏
~~ .🚧	~~ .🚧
1！🚧b€ 🚧~b.b~  b	1！🚧b€ 🚧<del>b.b</del>  b
！⹏~	！⹏~
a—) ·⹏ b~# ~	a—) ·⹏ b~# ~
！ a~~a)—·a~	！ a~~a)—·a~
a~	a~
#~·$a b	#~·$a b
b 1~a€	b 1~a€
⹏~.b ~)~1 #  ~	⹏~.b ~)~1 #  ~
~1a~a	<del>1a</del>a
~~ ~ ！)	~~ ~ ！)
#1~b a~~#	#1~b a~~#
€~·—— ！ 　　~$	€~·—— ！ 　　~$
€　~	€　~
🚧　a！~1—	🚧　a！~1—
€　  a~a$#~—#	€　  a<del>a$#</del>—#
—(~ .~#—	—(~ .~#—
1~ b！)	1~ b！)
€~ ·🚧.~ a)🚧1	€<del> ·🚧.</del> a)🚧1
~)·—🚧~.~b！$—！a—~	<del>)·—🚧</del>.<del>b！$—！a—</del>
~~   b$ ~~！⹏~a—⹏	~~   b$ ~~！⹏~a—⹏
~·⹏~b🚧ba b~	<del>·⹏</del>b🚧ba b~
！—~~·b	！—~~·b
~ —#~  ！(	~ —#~  ！(
· a ~~.~~——	· a <del>.</del>——
~.)$🚧	~.)$🚧
1~　1~	1~　1~
$ ~.b~　~🚧#　€	$ <del>.b</del>　~🚧#　€
$~ (~	$~ (~
！ ！~b　a)·.1~！	！ ！<del>b　a)·.1</del>！
🚧⹏~  b~.— ) ~aa·	🚧⹏~  b~.— ) ~aa·
b—)~！  (··~	b—)<del>！  (··</del>
~！ 　ba　a—~—$	<del>！ 　ba　a—</del>—$
#($~ ~~~ba—$~b—	#($~ ~~~ba—$~b—
( ~. ) #⹏$# · ~~	( ~. ) #⹏$# · ~~
( ) (~⹏⹏ 1🚧—b1	( ) (~⹏⹏ 1🚧—b1
—b(~)b€—$	—b(~)b€—$
b—$~ba~~⹏	b—$~ba~~⹏
1~b— )a~　~a~ b🚧！	1<del>b— )a</del>　<del>a</del> b🚧！
)—.~ $·	)—.~ $·
#)b　⹏ ⹏~ —$b ⹏a	#)b　⹏ ⹏~ —$b ⹏a
.~1 ⹏  ！b~	.<del>1 ⹏  ！b</del>
~— 　~#🚧(a🚧~)b1	~— 　<del>#🚧(a🚧</del>)b1
·—a~~~a🚧#·	·—a~~~a🚧#·
⹏ ·🚧~~) ba~ ！	⹏ ·🚧~~) ba~ ！
a ~()a$~ 1€b·	a <del>()a$</del> 1€b·
~~( €~~a##	<del>( €</del>a##
#~.1~ )~·b⹏.~🚧ab	#<del>.1</del> )~·b⹏.~🚧ab
~~ .🚧🚧 ~⹏a.	~~ .🚧🚧 ~⹏a.
(b~b€a⹏ b~~！1	(b~b€a⹏ b~~！1
~~·！ ~a—b	~~·！ ~a—b
— ~a	— ~a
1⹏~	1⹏~
🚧—b€)~ab  ~a.b	🚧—b€)~ab  ~a.b
~⹏  　(	~⹏  　(
(🚧~)#  a	(🚧~)#  a
~~！a⹏a🚧)~.	~~！a⹏a🚧)~.
~ ~##—a⹏~(.	~ <del>##—a⹏</del>(.
).1(a！~b~！	).1(a！<del>b</del>！
⹏)~a~ b~	⹏)<del>a</del> b~
a⹏！~b~~a	a⹏！~b~~a
ba# ~	ba# ~
$ ~ #·！—~—(	$ ~ #·！—~—(
~a—  a⹏~~)b！.)(	~a—  a⹏~~)b！.)(
€b~~⹏~~~~€~~—a	€b<del>⹏~~~~€</del>—a
~bb~.⹏ ~—b)€1	<del>bb</del>.⹏ ~—b)€1
~€ 　 .b1.~！(	<del>€ 　 .b1.</del>！(
！€~1a€ ~~——~a ~$	！€~1a€ ~~——~a ~$
！🚧)) $€b~	！🚧)) $€b~
~1b·~	<del>1b·</del>
🚧$ ！·⹏~！	🚧$ ！·⹏~！
a#~)~⹏—⹏ ~$~~ 🚧	a#~)<del>⹏—⹏ </del>$~~ 🚧
b . ~· a	b . ~· a
a~~	a~~
.1~·	.1~·
) ~ 　(a b	) ~ 　(a b
.⹏~~~ €⹏b⹏. ！⹏	.⹏~~~ €⹏b⹏. ！⹏
~—$b€	~—$b€
！  ~ab)！b~~b	！  ~ab)！b~~b
~€$~)~ €~b1~	<del>€$</del>)~ €<del>b1</del>
~~   ~b#~—a  a	~~   <del>b#</del>—a  a
·a $€~1.	·a $€~1.
~ ~ a	~ ~ a
~#~ a1	<del>#</del> a1
🚧~ ~~~b.$ .aa	🚧~ ~~~b.$ .aa
~~#~ a(—🚧 b $~€	~~#~ a(—🚧 b $~€
—b　 ~~~€ba　1 ··	—b　 ~~~€ba　1 ··
€~~	€~~
~ a！ ( ⹏b$€1·)~	<del> a！ ( ⹏b$€1·)</del>
1~	1~
~a$·$.a€~ # €~ ⹏	<del>a$·$.a€</del> # €~ ⹏
b— b~.~)€·€	b— b~.~)€·€
#~1aa€~~  ) ~！ab	#~1aa€~~  ) ~！ab
a ba 🚧b　#~　b) ~	a ba 🚧b　#~　b) ~
1~$~ .a	1~$~ .a
a~1bb ~~！b~(	a~1bb ~~！b~(
€a！⹏b~$1~~	€a！⹏b~$1~~
1~~~~⹏a	1~~~~⹏a
~. 1#aa	~. 1#aa
a ·~ —	a ·~ —
$　#🚧~	$　#🚧~
🚧.~~~	🚧.~~~
)~ab.·b	)~ab.·b
~　1.	~　1.
(~$！$—	(~$！$—
b~·)a—~)	b~·)a—~)
~~.	~~.
⹏~.~~🚧⹏~　 ~⹏　　　—	⹏~.~~🚧⹏~　 ~⹏　　　—
~~b	~~b
a~$！~#—)) b	a~$！~#—)) b
~~). €~# ·€~🚧	~~). €~# ·€~🚧
(　—ba1~⹏ 1	(　—ba1~⹏ 1
ab€1~~	ab€1~~
⹏)€~1a€~)ba~	⹏)€<del>1a€</del>)ba~
($⹏b—·b·1 (~.€	($⹏b—·b·1 (~.€
~ $$~~$ €€   b~	<del> $$~~$ €€   b</del>
#(a 1a a~a·~	#(a 1a a<del>a·</del>
1 a~~	1 a~~
a1　( .~a	a1　( .~a
.~a！~⹏ $ab a	.~a！~⹏ $ab a
·~(　~)—~b—~　🚧~⹏a	·~(　<del>)—<del>b—</del>　🚧</del>⹏a
)$a🚧b~ )~	)$a🚧b<del> )</del>
~~) b· ⹏ ！$·11€	~~) b· ⹏ ！$·11€
a1！1€　！a(🚧~ (	a1！1€　！a(🚧~ (
ba~~·#~~	ba~~·#~~
a)1🚧~~b ( a.€	a)1🚧~~b ( a.€
#€$~~~€—~)€ 1.	#€$~~~€—~)€ 1.
~ ~#)！ba	<del> </del>#)！ba
~~！a€a~a€a~	~~！a€a<del>a€a</del>
#~$..)~1⹏🚧	#~$..)~1⹏🚧
~ —#(🚧#a	~ —#(🚧#a
⹏·1#—a#~🚧 ⹏　)　.	⹏·1#—a#~🚧 ⹏　)　.
~a).)~a	~a).)~a
~⹏#( —(b	~⹏#( —(b
#·！€　~~🚧—	#·！€　~~🚧—
~a$~€a1  b€b~~	~a$~€a1  b€b~~
~　—$·~(~a~$	~　—$·~(<del>a</del>$
)b#~.⹏~.#	)b#<del>.⹏</del>.#
~~⹏$ba$1 1  1	~~⹏$ba$1 1  1
€·(~1a€ ~	€·(~1a€ ~
—·a . ~1b.~ ！)🚧	—·a . <del>1b.</del> ！)🚧
aa🚧1🚧#a#b⹏！a~~~	aa🚧1🚧#a#b⹏！a~~~
)— ~	)— ~
#~1ba 1# ~~⹏b⹏~(	#~1ba 1# ~~⹏b⹏~(
~~ 🚧🚧~#) b~   €#	~~ 🚧🚧~#) b~   €#
()#~~~~—~~—~ ~	()#~~~~—~~—~ ~
~—	~—
(~·⹏ 🚧b　~ ~~($)	(~·⹏ 🚧b　~ ~~($)
！~—b	！~—b
~1    ~(	~1    ~(
~b .b~# ~b~~~€b	<del>b .b</del># ~b~~~€b
~🚧a~⹏a~	<del>🚧a</del>⹏a~
~~€$	~~€$
~a~	<del>a</del>
(⹏~~(b	(⹏~~(b
~ b	~ b
(1.1 ab)~~	(1.1 ab)~~
~  ！ b.) ~~~⹏·	~  ！ b.) ~~~⹏·
b~#  ~~€a~€	b~#  ~~€a~€
⹏~)🚧)	⹏~)🚧)
⹏··~ .！~　.$~	⹏··~ .！~　.$~
#~　)  $！ €~(—a	#~　)  $！ €~(—a
🚧a ~.	🚧a ~.
#ab~..€~ ~	#ab~..€~ ~
~$ab~ ~#a~b~(	<del>$ab</del> <del>#a</del>b~(
€ ~b🚧~()	€ <del>b🚧</del>()
b ~1~$— 1　🚧🚧	b <del>1</del>$— 1　🚧🚧
！~	！~
ba~	ba~
€~🚧ab~~#　 b·	€~🚧ab~~#　 b·
b€$(⹏a$  ~⹏(	b€$(⹏a$  ~⹏(
b⹏)~	b⹏)~
—a~	—a~
a( a (#~~.　⹏	a( a (#~~.　⹏
$！a#b~1€　！€~ ~	$！a#b<del>1€　！€</del> ~
.~　a~  ~⹏b！$.🚧	.~　a~  ~⹏b！$.🚧
⹏#！ ~	⹏#！ ~
#~#！€	#~#！€
a#$ ！ ~~	a#$ ！ ~~
~~·！$—~.🚧  ~.a~	~~·！$—~.🚧  <del>.a</del>
~~ ⹏~	~~ ⹏~
🚧 　·· 1 ~(~！.€	🚧 　·· 1 <del>(</del>！.€
·~ 　$ 　　 1　a🚧🚧	·~ 　$ 　　 1　a🚧🚧
€ ~1　€	€ ~1　€
a🚧~ ~ ~·$.·🚧€~	a🚧~ ~ <del>·$.·🚧€</del>
a⹏.！~# ·#aab⹏)🚧1	a⹏.！~# ·#aab⹏)🚧1
$a .a1　~ a	$a .a1　~ a
)··　~1b.~b()	)··　~1b.~b()
) ~  €)	) ~  €)
⹏—aa ~.b	⹏—aa ~.b
~(！ $ )~)a —a⹏⹏#	<del>(！ $ )</del>)a —a⹏⹏#
€ ~—	€ ~—
#abb$))~ 　b1🚧a　#	#abb$))~ 　b1🚧a　#
1~##$~)·~a1 ~€a~	1~##$<del>)·<del>a1 </del>€a</del>
b$~ab#)  a~	b$<del>ab#)  a</del>
b🚧⹏~#€	b🚧⹏~#€
~1(	~1(
~$$ ~b	~$$ ~b
.  ~~⹏$	.  ~~⹏$
.(~~ 　))~b1—	.(~~ 　))~b1—
~a€#🚧€	~a€#🚧€
a~🚧·~)a  b~#	a<del>🚧·</del>)a  b~#
·(a~)~~🚧~~1b~#·！	·(a~)<del>🚧</del>1b~#·！
1！ #~！a$🚧(..  .	1！ #~！a$🚧(..  .
$🚧.# 🚧~	$🚧.# 🚧~
)⹏🚧  ~·b	)⹏🚧  ~·b
€$a~—　 b~~ ~€(a	€$a~—　 b~~ ~€(a
~！a	~！a
€(~€ )🚧)b —~a~	€(~€ )🚧)b —<del>a</del>
~　bb！b	~　bb！b
a· 1🚧b..~	a· 1🚧b..~
~~a⹏.$)aa—€⹏	~~a⹏.$)aa—€⹏
1~—a！⹏   🚧	1~—a！⹏   🚧
🚧 #€.·~€ ！b🚧 #~	🚧 #€.·<del>€ ！b🚧 #</del>
⹏~.$·	⹏~.$·
b~ € ~~a！1	b~ € ~~a！1
~  　1a	~  　1a
)$！~· ~ (~	)$！<del>· ~ (</del>
$ ~b·⹏ ⹏~.# ~—1(	$ <del>b·⹏ ⹏</del>.# ~—1(
a~.	a~.
~  (~€€a a$~	~  (<del>€€a a$</del>
⹏)(~　　！a~	⹏)(~　　！a~
$~~	$~~
🚧⹏~🚧€··	🚧⹏~🚧€··
.　a#b~—b)#~a#·.	.　a#b~—b)#~a#·.
(b.🚧 ⹏b~aa€~a	(b.🚧 ⹏b<del>aa€</del>a
b　　 €~—.  (	b　　 €~—.  (
a~)🚧~1€	a~)🚧~1€
~ .~(1 🚧  ⹏	~ .~(1 🚧  ⹏
$$$(——€ ~ €a~b)	$$$(——€ ~ €a~b)
~~a# ·#(.  ！	~~a# ·#(.  ！
~  $！··#~ ~	~  $！··#~ ~
( .~~b€	( .~~b€
aa~🚧⹏  ab~~🚧	aa~🚧⹏  ab~~🚧
a—~	a—~
~#~a~.~1(	~#<del>a</del>.~1(
a~~€　~   ⹏(　！b	a~~€　~   ⹏(　！b
a⹏a~€	a⹏a~€
$！~  　~ ~(—.b#	$！~  　~ ~(—.b#
a~—🚧~€$ —~aa	a~—🚧~€$ —~aa
b🚧)b　a⹏🚧~$⹏ ab~	b🚧)b　a⹏🚧~$⹏ ab~
~)€ —　a#(🚧~	<del>)€ —　a#(🚧</del>
#(~ b	#(~ b
.~~ ~€€	.~~ ~€€
·.~· ⹏~	·.<del>· ⹏</del>
b~·  baa🚧.a~	b~·  baa🚧.a~
🚧~	🚧~
⹏€　~·~a 　b	⹏€　~·~a 　b
⹏$~ —·~)~~~—	⹏$~ —·~)~~~—
— ..b ~~	— ..b ~~
！1⹏1·~~~.	！1⹏1·~~~.
！· #1)1#🚧a1~~	！· #1)1#🚧a1~~
.$·~ ~	.$·~ ~
~！$)·b)$⹏~！·(.~	<del>！$)·b)$⹏</del>！·(.~
a~bb# ·b(⹏a　~🚧🚧	a~bb# ·b(⹏a　~🚧🚧
—~！~a.))  ⹏ ·~	—~！<del>a.))  ⹏ ·</del>
~#ba~ ⹏~	<del>#ba</del> ⹏~
🚧b)　a ~ ~⹏b1)	🚧b)　a <del> </del>⹏b1)
~#(—  )⹏b)~#	<del>#(—  )⹏b)</del>#
a~€ba)~🚧	a~€ba)~🚧
b~a	b~a
$！~~~	$！~~~
~a$($#~#	<del>a$($#</del>#
·  a ~€aa#1€	·  a ~€aa#1€
(🚧1~a€.！ ~	(🚧1~a€.！ ~
~ · ⹏€	~ · ⹏€
$ ——~—~# ~ a	$ ——<del>—</del># ~ a
€.⹏( ~ ~	€.⹏( ~ ~
🚧€ ·))🚧(　 ⹏b$~~—	🚧€ ·))🚧(　 ⹏b$~~—
~$€(bb ~)$~~—	~$€(bb ~)$~~—
~$$　~ 　~~a~b  #	<del>$$　~ 　~~a</del>b  #
)~~~  b~！	)~~~  b~！
(🚧b#·)~   1·⹏🚧	(🚧b#·)~   1·⹏🚧
~. (！~a ~—€·$b	~. (！~a ~—€·$b
·$  ~~	·$  ~~
！.b(~ )  b#🚧~	！.b(<del> )  b#🚧</del>
b#！🚧1！~   1$	b#！🚧1！~   1$
~a ~🚧).1🚧~.~~	~a <del>🚧).1🚧</del>.~~
~·)·⹏  — $	~·)·⹏  — $
1—· b！　$~ —~	1—· b！　$~ —~
！$~ba$~a#b	！$~ba$~a#b
~bb~　a1 ·	<del>bb</del>　a1 ·
~ €1a$$#€	~ €1a$$#€
a1—🚧€ (#..！🚧#~	a1—🚧€ (#..！🚧#~
~~$ a(~·~ ·！	~~$ a(<del>·</del> ·！
$~　~a1⹏~·~a~·~.a	$~　<del>a1⹏</del>·<del>a</del>·~.a
~€€)	~€€)
a🚧~ 🚧	a🚧~ 🚧
！1　~~~ #b—#！b 1	！1　~~~ #b—#！b 1
~ ~~	~ ~~
b1⹏ $⹏~~ ~b	b1⹏ $⹏~~ ~b
~   )a~ ~~$ ——	~   )a~ ~~$ ——
#~bb🚧 —(⹏·	#~bb🚧 —(⹏·
— —1~⹏ $⹏	— —1~⹏ $⹏
a)(1~~	a)(1~~
)🚧~ ~~)b	)🚧~ ~~)b
—a！ ~b	—a！ ~b
🚧(⹏)1！).~a·　 b1⹏	🚧(⹏)1！).~a·　 b1⹏
)！ ~a.	)！ ~a.
($—~  ~！.a·(€	($—~  ~！.a·(€
~~b~  ( ~ b	~~b~  ( ~ b
~ 1~	~ 1~
！~  ⹏~1~	！~  ⹏<del>1</del>
b~b€~⹏—	b<del>b€</del>⹏—
~ () $~ · ( ~⹏	~ () $~ · ( ~⹏
~b　· ~a $€ b！🚧a	~b　· ~a $€ b！🚧a
(~ b€€　(	(~ b€€　(
~)　 a)   a~~~🚧~)	<del>)　 a)   a~~~🚧</del>)
aa~€b~ 　⹏🚧#—·　)—	aa<del>€b</del> 　⹏🚧#—·　)—
b~b	b~b
~  ！1	~  ！1
~~·€a~  a~·　~ 1	~~·€a~  a~·　~ 1
~a)#~	<del>a)#</del>
1$·$)#~！.~ 🚧	1$·$)#~！.~ 🚧
(🚧~~$#  ~~—	(🚧~~$#  ~~—
—#€#~🚧~ b~1	—#€#<del>🚧</del> b~1
·—~— #~~	·—~— #~~
~！a.⹏#	~！a.⹏#
~)　a$· ⹏~1	<del>)　a$· ⹏</del>1
a~ a) ·~	a~ a) ·~
⹏~~€(~ ~	⹏~~€(~ ~
—~b~)) ⹏~##(#a！	—<del>b</del>)) ⹏~##(#a！
€ ~~b~€~$ €~！⹏~~	€ <del>b<del>€</del>$ €~！⹏</del>
⹏　⹏a·# ~~  ~	⹏　⹏a·# ~~  ~
⹏a 　ab~(~ ~a~~€	⹏a 　ab~(<del> </del>a~~€
#1$a~b	#1$a~b
€~·)·！~~~—~	€~·)·！~~~—~
— 1 　.a~€~1$a—	— 1 　.a<del>€</del>1$a—
a ~1·　~~⹏	a ~1·　~~⹏
a)  ·~· 🚧~~	a)  ·~· 🚧~~
( ~€b·$(1~	( <del>€b·$(1</del>
~~b·b—·$1　 ·	~~b·b—·$1　 ·
b~$	b~$
1—(1  ·b~a$a 　—	1—(1  ·b~a$a 　—
~！(	~！(
·—b 　~  a—€	·—b 　~  a—€
⹏ b€~( —b ~a~b a	⹏ b€~( —b <del>a</del>b a
€$·b#~#⹏b—$~~1	€$·b#~#⹏b—$~~1
b $~~　a)1(	b $~~　a)1(
·🚧—~	·🚧—~
a⹏— ~a~	a⹏— <del>a</del>
$！🚧 (⹏ ！( ~~！—	$！🚧 (⹏ ！( ~~！—
( ~a b　 ⹏ a~	( <del>a b　 ⹏ a</del>
~ —　 1⹏！ 1  —~	~ —　 1⹏！ 1  —~
)~ ~~1 a⹏(	)~ ~~1 a⹏(
b€.#~🚧~)—	b€.#<del>🚧</del>)—
1~.~)~ .⹏	1~.<del>)</del> .⹏
~a b 　　—⹏€	~a b 　　—⹏€
a🚧 a€ . ⹏🚧€　~1a	a🚧 a€ . ⹏🚧€　~1a
！a~⹏  —(  🚧——a1	！a~⹏  —(  🚧——a1
~~).~. a)！  ~	~~).~. a)！  ~
~ $~)！b~a.！~ b#€	~ $<del>)！b</del>a.！~ b#€
$b~~b~a·——~	$b~~b<del>a·——</del>
.！~~	.！~~
#~  a1~⹏ ~🚧a#$ ！	#~  a1~⹏ ~🚧a#$ ！
—.(~~	—.(~~
$(~🚧b！~$—a	$(<del>🚧b！</del>$—a
a$(！~🚧~—	a$(！<del>🚧</del>—
)—⹏⹏ ~)	)—⹏⹏ ~)
a~· #~ ~#1~—)~b	a~· #~ <del>#1</del>—)~b
~€	~€
.(#~🚧a	.(#~🚧a
！！~ ~	！！~ ~
1~~—b)aa# .	1~~—b)aa# .
⹏~#€.~🚧#~( ~	⹏~#€.<del>🚧#</del>( ~
ba— ！$#b⹏(~~b(	ba— ！$#b⹏(~~b(
~·#	~·#
1 .~~~)	1 .~~~)
⹏~~a(~~~#$$	⹏~~a(~~~#$$
~.b~1　 ！b ！€	<del>.b</del>1　 ！b ！€
！~€	！~€
~ ~~~(b1	~ ~~~(b1
$~1	$~1
—~　 ~ a· )~	—~　 ~ a· )~
🚧 ba# #！·~#~~	🚧 ba# #！·~#~~
b！(　~#~	b！(　<del>#</del>
~⹏！~~.$~	<del>⹏！~~.$</del>
~1    ~ b—　#	~1    ~ b—　#
🚧 ~！ (a~ a $— a	🚧 <del>！ (a</del> a $— a
！  1~€b⹏1#	！  1~€b⹏1#
—~ b aba~—	—~ b aba~—
b~~ 1！　~ ~()~~ ~	b~~ 1！　~ ~()~~ ~
b. .)~·　()	b. .)~·　()
~~#$ ~ )	~~#$ ~ )
€ 　 ~	€ 　 ~
🚧.⹏ .bb⹏⹏)#~€	🚧.⹏ .bb⹏⹏)#~€
€🚧 ~ )€~·~b#	€🚧 ~ )€~·~b#
~~a	~~a
a！ ⹏！！~($~#~ $.)	a！ ⹏！！<del>($</del>#~ $.)
ab #)~.b！b—€ ·	ab #)~.b！b—€ ·
· ~~—　 ~~1	· ~~—　 ~~1
！🚧$~　—！　⹏ ·b$€~	！🚧$~　—！　⹏ ·b$€~
€# ~  ~	€# ~  ~
~~ 　~11€~ ~	~~ 　<del>11€</del> ~
~！$	~！$
⹏ #€.~$$~(~！	⹏ #€.<del>$$</del>(~！
~~　—1$€~1⹏~	~~　—1$€<del>1⹏</del>
~！€ b— )(  ~~~a~	<del>！€ b— )(  ~~~a</del>
(~~~€	(~~~€
~a~€	<del>a</del>€
1~！··	1~！··
€·~(.~(　~	€·<del>(.</del>(　~
~1b~ ·—b~！~	<del>1b</del> ·—b~！~
~ ⹏ ~.~·🚧~#	~ ⹏ <del>.</del>·🚧~#
a ！..b——　a ~	a ！..b——　a ~
a~🚧(·	a~🚧(·
~$.   a~b(⹏	<del>$.   a</del>b(⹏
b ~	b ~
🚧~ )(..	🚧~ )(..
·a　 ⹏#)~！b $	·a　 ⹏#)~！b $
⹏！.b　~(　#~~—	⹏！.b　~(　#~~—
a b.1⹏  ~·#(	a b.1⹏  ~·#(
· ~！)#🚧~ 1⹏ ~).！	· ~！)#🚧~ 1⹏ ~).！
！~🚧.🚧(~~~~	！~🚧.🚧(~~~~
~b ~(b . ⹏aa()	~b ~(b . ⹏aa()
~~   b~ ~~1	~~   b~ ~~1
b)·a1—　1~b~🚧 b！	b)·a1—　1<del>b</del>🚧 b！
⹏ ~⹏a   　aa🚧~~ ~	⹏ ~⹏a   　aa🚧~~ ~
(b~)a	(b~)a
~ a)1·— ！(b~~1	~ a)1·— ！(b~~1
~a  .#　1 🚧.~   a	~a  .#　1 🚧.~   a
1~ a~a1$~~！.1$b	1<del> a</del>a1$~~！.1$b
€⹏ —！！1—— ⹏.！~！🚧	€⹏ —！！1—— ⹏.！~！🚧
b~(	b~(
⹏⹏· ~$a~a　 $~	⹏⹏· <del>$a</del>a　 $~
—~~$· 🚧. ⹏a ~ ~	—~~$· 🚧. ⹏a <del> </del>
1 ！ ~$1·🚧	1 ！ ~$1·🚧
~~　—~~	~~　—~~
~(—)~	<del>(—)</del>
#　！~	#　！~
b#(~~~)~ ！ # #~~	b#(~~~)~ ！ # #~~
~ $ ~🚧 ~)—)	~ $ <del>🚧 </del>)—)
~　 ~#.	~　 ~#.
⹏~€	⹏~€
~~！b€~ ~  $~b——~	~~！b€~ ~  $<del>b——</del>
b—~~(	b—~~(
a！—！$~~~)	a！—！$~~~)
~a ~~a a！	~a ~~a a！
~ (b~	~ (b~
)· ~~.a ~·. a·	)· ~~.a ~·. a·
$$bab~)	$$bab~)
$~🚧—~#.~bba~	$<del>🚧—</del>#.<del>bba</del>
·b ~	·b ~
—€~ €1—~🚧	—€~ €1—~🚧
🚧 ~	🚧 ~
b~a )$a(！~(b b	b<del>a )$a(！</del>(b b
！ #aa~ 1b！€　 ~—	！ #aa~ 1b！€　 ~—
~#b$b	~#b$b
~~ 　 · aa	~~ 　 · aa
⹏  €·~ )~~~—·	⹏  €·~ )~~~—·
~🚧~　🚧— —)🚧—$~ 　#	<del>🚧</del>　🚧— —)🚧—$~ 　#
ba(~b 　)~a	ba(~b 　)~a
ba(a🚧b~#a~ ( )(	ba(a🚧b~#a~ ( )(
a~#~~~~—	a~#~~~~—
a🚧b ~~🚧~	a🚧b ~~🚧~
. ⹏~—~~. ⹏€	. ⹏~—~~. ⹏€
$~b  b！⹏~	$<del>b  b！⹏</del>
b！~ ~⹏ a——	b！~ ~⹏ a——
€　.b ~$—	€　.b ~$—
b ~~ ·	b ~~ ·
1　$~·#~　⹏—#)	1　$<del>·#</del>　⹏—#)
(   ~~€a ~	(   ~~€a ~
11#$⹏⹏$$b(~⹏·($~	11#$⹏⹏$$b(<del>⹏·($</del>
~$⹏	~$⹏
~  ~🚧~~ bab	~  ~🚧~~ bab
#$~#！)🚧$.　# a..)	#$~#！)🚧$.　# a..)
~~🚧~ ~	~~🚧~ ~
)~~—⹏~！	)~~—⹏~！
~#~~·a€🚧~ba	<del>#~~·a€🚧</del>ba
~·	~·
~.~　)~ #€~·€€	<del>.</del>　)~ #€~·€€
)~··  a·	)~··  a·
.$a$🚧a~€~·· ~— .	.$a$🚧a<del>€</del>·· ~— .
·b　1.~—~	·b　1.<del>—</del>
⹏　#~~—~~ ~~🚧 )	⹏　#<del>—</del> ~~🚧 )
~— b	~— b
~ $~)b ~$~—b#€	~ $~)b <del>$</del>—b#€
！~⹏~1！—　~ ~ ~a　！	！<del>⹏</del>1！—　~ ~ ~a　！
· b~—~a)b#€~⹏  b	· b~—<del>a)b#€</del>⹏  b
)⹏$~#..a	)⹏$~#..a
~· ！ 　.~~！  (€	~· ！ 　.~~！  (€
€  .#€~.a—$·ab🚧—	€  .#€~.a—$·ab🚧—
(  ·.~a€⹏　·#⹏	(  ·.~a€⹏　·#⹏
·~ 🚧—~	·~ 🚧—~
(b 1·$~$· —~	(b 1·$<del>$· —</del>
. (1⹏. ~	. (1⹏. ~
~a(~~b🚧🚧a(a b ~$	~a(~~b🚧🚧a(a b ~$
$~€	$~€
~1~⹏$~.# ！)—·b)~	<del>1</del>⹏$<del>.# ！)—·b)</del>
$~a~~b#~~b~a1~ a	$<del>a~~b#~~b</del>a1~ a
)！a ！ ~　·	)！a ！ ~　·
(—~	(—~
a1  ~~	a1  ~~
⹏ ~~ ~~ —1$~	⹏ ~~ ~~ —1$~
~！~b$ #a🚧.	~！~b$ #a🚧.
a ~ b~	a ~ b~
a1~.1(	a1~.1(
~—~€€ $！~	~—<del>€€ $！</del>
~　b·！！(~—#a€  ·a	~　b·！！(~—#a€  ·a
€)b~ ~🚧	€)b~ ~🚧
—··1~  🚧#　🚧b ⹏b~	—··1~  🚧#　🚧b ⹏b~
(⹏.！·🚧(~b！⹏~	(⹏.！·🚧(<del>b！⹏</del>
~€~~	~€~~
a！·~#·⹏	a！·~#·⹏
~b~—·	<del>b</del>—·
~⹏$！~ — ~ ！	<del>⹏$！</del> — ~ ！
b ~a	b ~a
#🚧—~~⹏( ~🚧b·—~~	#🚧—~~⹏( ~🚧b·—~~
🚧))~ba1~！a⹏.	🚧))<del>ba1</del>！a⹏.
.b€~~a~ b！	.b€~~a~ b！
~ ！  ~)　！€—a$a⹏b	~ ！  ~)　！€—a$a⹏b
##~€$a　~(#~~€	##~€$a　~(#~~€
~1a ⹏a！#)~  a.	<del>1a ⹏a！#)</del>  a.
· ~~	· ~~
~ .a·~~a.🚧 ~11~a	~ .a·~~a.🚧 <del>11</del>a
$1—)！~ —#—b —~b	$1—)！~ —#—b —~b
a).$$(~ —🚧！ ~	a).$$(~ —🚧！ ~
€⹏aa🚧€~— ~·	€⹏aa🚧€~— ~·
()#~	()#~
.1 b$ ！( $！~	.1 b$ ！( $！~
(a~	(a~
~€ab 　🚧)~  $# €a	<del>€ab 　🚧)</del>  $# €a
)~ —　)€a🚧	)~ —　)€a🚧
#🚧·.—1！$~⹏⹏~))	#🚧·.—1！$<del>⹏⹏</del>))
🚧 $.1~~🚧a⹏.~€	🚧 $.1~~🚧a⹏.~€
€~~~a	€~~~a
~~ ba~·$—1⹏　—1	~~ ba~·$—1⹏　—1
1 $~ ) 🚧🚧~	1 $<del> ) 🚧🚧</del>
(.#€$) 　~！~	(.#€$) 　<del>！</del>
~~ a —~—	~~ a —~—
ba.(a ~ b ~~#	ba.(a ~ b ~~#
— 　a1a🚧🚧~# ~	— 　a1a🚧🚧~# ~
€#~b🚧　a 🚧)(.€	€#~b🚧　a 🚧)(.€
🚧~~~(	🚧~~~(
~ ~ ~)a	~ <del> </del>)a
~ #~(~··$~a	~ #<del>(</del>··$~a
~！⹏~b	<del>！⹏</del>b
~€⹏#1a~	<del>€⹏#1a</del>
..~~b a€b！)  ~~)	..~~b a€b！)  ~~)
.~.	.~.
b⹏—　~	b⹏—　~
1$($~(·~	1$($<del>(·</del>
1~⹏b　·€ 🚧#—　b b	1~⹏b　·€ 🚧#—　b b
~(b—~ ~$！€~~⹏~	<del>(b—</del> <del>$！€~~⹏</del>
~b🚧 ~	~b🚧 ~
·⹏~！€~~~~ ~~！　·	·⹏~！€~~~~ ~~！　·
(　((~)1b  $b~ 🚧	(　((<del>)1b  $b</del> 🚧
~ 1~	~ 1~
1—~ .a)	1—~ .a)
b# ~ a~b)	b# ~ a~b)
b　a~b⹏⹏1((~⹏	b　a~b⹏⹏1((~⹏
a  ~a　$$　🚧~ 🚧a	a  <del>a　$$　🚧</del> 🚧a
~   　(	~   　(
€⹏b⹏ (~~	€⹏b⹏ (~~
~(~aa~~.！—	~(~aa~~.！—
~.ab·€. 🚧~·$a	<del>.ab·€. 🚧</del>·$a
~ba—aa~ a~	<del>ba—aa</del> a~
~~— € ~— 1 ab€~	~~— € <del>— 1 ab€</del>
$⹏b€~	$⹏b€~
ba—~~ 🚧$ 🚧~€ — ~	ba—~~ 🚧$ 🚧~€ — ~
~ ·  a  —~~a	~ ·  a  —~~a
a(~~a~ a··— ~ 1！	a(~~a~ a··— ~ 1！
~🚧€$€~€	<del>🚧€$€</del>€
🚧  .€ba~~~~~	🚧  .€ba~~~~~
~—1~.🚧　b1a—#~~·	<del>—1</del>.🚧　b1a—#~~·
⹏#~	⹏#~
⹏1~~~#€~	⹏1~~~#€~
—a€€.~	—a€€.~
1　~~~~€1)~·	1　~~~~€1)~·
$·！~！ 1~	$·！<del>！ 1</del>
🚧⹏~·b	🚧⹏~·b
—~~⹏！a	—~~⹏！a
# ⹏€~　€🚧$~ b	# ⹏€~　€🚧$~ b
$)$( #~	$)$( #~
)！(~a#　( —.🚧#　#	)！(~a#　( —.🚧#　#
~　bb—~！1	~　bb—~！1
~~　a⹏$b#	~~　a⹏$b#
.#~ —·	.#~ —·
1·b~ b🚧~1 ~　~	1·b~ b🚧~1 ~　~
€b~~~~·$  ·· b.！	€b~~~~·$  ·· b.！
1 a·~~ 1€b#a	1 a·~~ 1€b#a
🚧—~.1#⹏~·(~€a1~(	🚧—<del>.1#⹏</del>·(<del>€a1</del>(
b~~~. )—~~b~1	b~~~. )—~~b~1
🚧)1　a· $a$~	🚧)1　a· $a$~
b .~~~~b  €·	b .~~~~b  €·
)~🚧· 1~a.   🚧	)<del>🚧· 1</del>a.   🚧
~ #	~ #
~ )	~ )
~　b—~)a··)🚧b⹏a~~	~　b—~)a··)🚧b⹏a~~
~~·~⹏# ！ ~  €a~！	~~·<del>⹏# ！ ~  €a</del>！
b)~a！~~	b)~a！~~
~—€€~a ~€b(1(！	<del>—€€</del>a ~€b(1(！
🚧~！#	🚧~！#
$·ab— (1 ~b)	$·ab— (1 ~b)
(1—~！	(1—~！
~~ ~b . ！	~~ ~b . ！
€##b~.🚧1	€##b~.🚧1
🚧~$aba—a~	🚧~$aba—a~
a⹏b$ a—！🚧.~！~~⹏	a⹏b$ a—！🚧.~！~~⹏
~~€€$🚧⹏1 　.·！🚧	~~€€$🚧⹏1 　.·！🚧
🚧！1~~⹏$ €~.·b~.	🚧！1~~⹏$ €~.·b~.
~— b ~#	~— b ~#
(~a #a1b~(🚧	(<del>a #a1b</del>(🚧
~a1a)#b	~a1a)#b
~— —~	<del>— —</del>
~a~！·	<del>a</del>！·
·~b·🚧🚧.	·~b·🚧🚧.
—.)~~	—.)~~
~##— ).	~##— ).
.. 　(~	.. 　(~
~ ~$ a🚧	~ ~$ a🚧
#~1(1~~(	#~1(1~~(
~1b~·	<del>1b</del>·
.~€b	.~€b
€~~~　·—~1	€~~~　·—~1
⹏(~a ~	⹏(~a ~
)！ba~) a—a~a	)！ba~) a—a~a
~— ~€ 1~.！b~	<del>— <del>€ 1</del>.！b</del>
b€~€1—€  #！~　~€	b€<del>€1—€  #！</del>　~€
~ ！🚧a  #	~ ！🚧a  #
—~ aa   ~~a~！ ⹏	—~ aa   ~~a~！ ⹏
~ ~ )🚧— ~a—🚧€ —！	~ ~ )🚧— ~a—🚧€ —！
).🚧~ —1a ~(€~ —	).🚧~ —1a ~(€~ —
~—~！ .b　~  ！(aa	<del>—</del>！ .b　~  ！(aa
~——— a~a  (~b~~.	<del>——— a</del>a  (~b~~.
#~b⹏~~b⹏🚧(~ €~	#<del>b⹏~~b⹏🚧(</del> €~
b　~	b　~
~b🚧  ~)	~b🚧  ~)
b ~—· $1	b ~—· $1
a　　~	a　　~
~((a a1a —(  .~~	~((a a1a —(  .~~
~　⹏~·	~　⹏~·
~ $	~ $
~⹏　⹏！€a	~⹏　⹏！€a
~b#	~b#
~ 　 🚧€·~	<del> 　 🚧€·</del>
(🚧~€	(🚧~€
.— € —！~⹏)  　~b	.— € —！~⹏)  　~b
🚧·~.b！~	🚧·<del>.b！</del>
.a€  ~~b~a~~~	.a€  ~~b~a~~~
~🚧~ ~🚧#€~1(~)	<del>🚧</del> <del>🚧#€</del>1(~)
b~🚧~ a ) a~ b	b<del>🚧</del> a ) a~ b
🚧1~b~	🚧1<del>b</del>
~a ~	~a ~
.a ~ ！~	.a <del> ！</del>
~ . €　$1·1a	~ . €　$1·1a
)~！~( ！a1€( b！~	)<del>！</del>( ！a1€( b！~
🚧—~(！  b~.€ ~　—	🚧—<del>(！  b</del>.€ ~　—
b  .b　~~　$~—·	b  .b　~~　$~—·
·.~ ~€)1~(	·.~ <del>€)1</del>(
1~€a⹏ b~(~~	1<del>€a⹏ b</del>(~~
~⹏) b🚧b⹏b	~⹏) b🚧b⹏b
—. € ~—	—. € ~—
1b~a#⹏~~~~11~	1b<del>a#⹏~~~~11</del>
a)~~( (⹏	a)~~( (⹏
. ~(~ 🚧ba b—~ )	. ~(~ 🚧ba b—~ )
~~　~.a—b	~~　~.a—b
a~a~aa~$~ .	a<del>a</del>aa~$~ .
—a⹏🚧b~ba	—a⹏🚧b~ba
~ 　 ~a)ba—~~	~ 　 ~a)ba—~~
~  b (.)🚧~~~~€a	~  b (.)🚧~~~~€a
~· 🚧b　！ a€ b	~· 🚧b　！ a€ b
(~ b ~~！	(~ b ~~！
⹏！b 　~#~ ~ab⹏~b	⹏！b 　<del>#</del> <del>ab⹏</del>b
·( ⹏a€~！~b　b~~	·( ⹏a€~！~b　b~~
~~ ~	~~ ~
~🚧~~€	~🚧~~€
~ ~　 b.	~ ~　 b.
1~~b)·	1~~b)·
(. #€.b~~🚧(~$b ·	(. #€.b~~🚧(~$b ·
€1)~  ~　b~·)b	€1)~  ~　b~·)b
bb~ b(~~	bb~ b(~~
~ 🚧~~	~ 🚧~~
a~~ b！b~~ba	a<del> b！b</del>ba
！ ~()~	！ <del>()</del>
b⹏！€€🚧~⹏1·	b⹏！€€🚧~⹏1·
a~a€( ·a$~~~)⹏	a~a€( ·a$~~~)⹏
⹏~a# ·~　    ！b(	⹏<del>a# ·</del>　    ！b(
~~€b	~~€b
~ a#(⹏~！~	~ a#(⹏~！~
~⹏🚧🚧~)	<del>⹏🚧🚧</del>)
1 ~1ab~€€b€	1 <del>1ab</del>€€b€
(~ 🚧　€.~~~)	(~ 🚧　€.~~~)
~~　  b　€~b	~~　  b　€~b
🚧~(⹏(·🚧€€ a🚧	🚧~(⹏(·🚧€€ a🚧
)~🚧a . ~	)~🚧a . ~
~~ —b(€~⹏~)	~~ —b(€<del>⹏</del>)
1(~) b€ .~ .b	1(<del>) b€ .</del> .b
#a~~⹏⹏~	#a~~⹏⹏~
~~(baa(~b(~a	~~(baa(~b(~a
！a！ b　b~~ ~⹏$(~	！a！ b　b~~ <del>⹏$(</del>
ba~ 1	ba~ 1
#1 ·　~1a€ ~ ~🚧 🚧	#1 ·　~1a€ ~ ~🚧 🚧
🚧€#~🚧~ a🚧 $—	🚧€#<del>🚧</del> a🚧 $—
~b　 　~—# 　~(a#⹏	~b　 　~—# 　~(a#⹏
~b~~	~b~~
~ — 🚧(	~ — 🚧(
~·🚧~#！11~⹏ 　.— —	<del>·🚧</del>#！11~⹏ 　.— —
b 　# #$ —~ ((~.·	b 　# #$ —~ ((~.·
⹏a ！~·(🚧	⹏a ！~·(🚧
·1~ ~1 🚧~€ ！~b	·1<del> </del>1 🚧~€ ！~b
~·🚧	~·🚧
~ ~ b ！—a🚧~)🚧	~ ~ b ！—a🚧~)🚧
b　$#a#~b~⹏)(🚧~	b　$#a#<del>b</del>⹏)(🚧~
~！€	~！€
~#  ~.·— $！🚧	~#  ~.·— $！🚧
bb ~	bb ~
—b~~⹏~  $~！€	—b~~⹏~  $~！€
！#⹏a)~$	！#⹏a)~$
~~a ~	~~a ~
( ·.b.)~$b€#~a.	( ·.b.)~$b€#~a.
⹏  ~ 1~🚧⹏#b€··	⹏  ~ 1~🚧⹏#b€··
—#(~~！	—#(~~！
⹏.🚧a—.a  ~	⹏.🚧a—.a  ~
a~ 🚧#🚧⹏~~#！	a~ 🚧#🚧⹏~~#！
((~)..a~~#⹏	((~)..a~~#⹏
a.　(~~ ~~ a 1~	a.　(~~ ~~ a 1~
).~~ ！~)a1　a	).~~ ！~)a1　a
⹏！$~a~  baa　 ~a	⹏！$<del>a</del>  baa　 ~a
~—~ €€ (🚧 a⹏— b#	<del>—</del> €€ (🚧 a⹏— b#
1~~~(.	1~~~(.
~( 1)—~🚧~.€~ 🚧 $	<del>( 1)—<del>🚧</del>.€</del> 🚧 $
~b　—a·—b~	<del>b　—a·—b</del>
#~)	#~)
b ~　a⹏b~🚧 11	b ~　a⹏b~🚧 11
~#a⹏~	<del>#a⹏</del>
~a· ~　~~~！！ (！	~a· ~　~~~！！ (！
~a~·1aa~1⹏.(	<del>a</del>·1aa~1⹏.(
~$—~a🚧#🚧#~ 　~⹏	~$—<del>a🚧#🚧#</del> 　~⹏
🚧 )~—	🚧 )~—
. ~~€1！$	. ~~€1！$
~b ~· —	~b ~· —
—ab🚧 🚧~a	—ab🚧 🚧~a
b) ~b·a#a！~~$~#~	b) <del>b·a#a！~~$</del>#~
1 $~~⹏b$a	1 $~~⹏b$a
